{"perf":0.22,"fid":30,"lcp":11496.5,"cls":0.10294921875,"fmp":6723,"fcp":5441.5,"fci":0,"tbt":1097.5,"tti":14124.5,"si":13085.749375771433,"size":2348223,"req":131,"name":"kitalulus","device":"mobile"}