{"perf":0.33,"fid":46,"lcp":5542,"cls":0.10294921875,"fmp":5809,"fcp":3643,"fci":0,"tbt":956.5,"tti":12887,"si":7971.648331727863,"size":2340037,"req":119,"name":"kitalulus","device":"mobile"}